a	prefix	not, without	Greek	abiogenesis,abiotic,abranchiate,abysmal	v:3	a-1(1)=not, without | a-3(3)=to, toward | a-2(2)=on	c:2	an
ab	prefix	from, away from	Latin	abbreviate,abbreviation,abdicate,abduct	v:1	ab-(0)=from, away from	c:0	abs
ability	suffix	ability to do, be, or undergo	Latin	accountability,capability,eligibility,immobility	v:1	-ability(0)=ability to do, be, or undergo	c:0	ibility/bility/ubility
able	suffix	capable of being, doing, or undergoing	Latin	acceptable,accessible,admissible,adorable	v:1	-able(0)=capable of being, doing, or undergoing	c:0	ible/ble
ably	suffix	in the manner or way indicated by the adjective	Latin	considerably,inevitably,possibly,probably	v:1	-ably(0)=in the manner or way indicated by the adjective	c:0	ibly
ac	root	sharp, bitter, sour	Latin	acerbic,acerbity,acid,acidic	v:3	ac(0)=sharp, bitter, sour | ac-(0)=to, toward | -ac(0)=in adjectives: of or pertaining to; resembling; in nouns: someone afflicted with;	c:4	acr/acer
aceous	suffix	resembling, related to, made of, or, in biological science, belonging to (a taxonomic class)	Latin	amylaceous,argillaceous,bulbaceous,capillaceous	v:1	-aceous(0)=resembling, related to, made of, or, in biological science, belonging to (a taxonomic class)	c:0	
acious	suffix	full of, characterized by	Latin	audacious,capacious,fallacious,loquacious	v:1	-acious(0)=full of, characterized by	c:0	
acro	root	high, extremity, tip	Greek	acrobat,acrobatics,acrogen,acromegaly	v:1	acro(0)=high, extremity, tip	c:0	
act	root	do, drive	Latin	action,activate,active,actively	v:1	act(0)=do, drive	c:0	ag
ad	prefix	to, toward	Latin	adapt,add,addict,addiction	v:2	ad-(0)=to, toward | -ad(0)=group (of a certain number indicated by the base)	c:2	ade
aer	root	air, gas	Greek	aerate,aerial,aerobatics,aerobe	v:1	aer(0)=air, gas	c:0	aero
af	prefix	to, toward	Latin	affect,affection,afferent,affiance	v:1	af-(0)=to, toward	c:0	
ag	prefix	to, toward	Latin	agglomerate,agglutinate,aggrandize,aggravate	v:1	ag-(0)=to, toward	c:0	
age	suffix	act, process, or result of (the action indicated by the verb base)	Latin	advantage,assemblage,bondage,breakage	v:1	-age(0)=act, process, or result of (the action indicated by the verb base)	c:0	
agogue	root	leader	Greek	demagogue,demagoguery,isagoge,pedagogue	v:1	agogue(0)=leader	c:0	agog/agogy
agr	root	field, farm, crop	Latin	agrarian,agribusiness,agriculture,agrobiology	v:1	agr(0)=field, farm, crop	c:0	agro/agri
al	suffix	act or result of	Latin	accrual,acquittal,appraisal,approval	v:3	-al1(1)=act or result of | -al2(2)=pertaining to | al-(0)=to, toward	c:3	ial/ual
alg	root	pain	Greek	analgesia,analgesic,arthralgia,coxalgia	v:1	alg(0)=pain	c:0	algo/algia
ali	root	other, foreign	Latin	alias,alibi,alien,alienate	v:1	ali(0)=other, foreign	c:0	
allo	root	other, different	Greek	allergy,allogamy,allomerism,allomorph	v:1	allo(0)=other, different	c:0	all
alt	root	high	Latin	altimeter,altitude,alto,altocumulus	v:1	alt(0)=high	c:0	alti/alto
alter	root	other; change	Latin	alter,alterant,alterative,altercate	v:1	alter(0)=other; change	c:0	altern/altr
am	root	love, friendship	Latin	amateur,amateurish,amatory,amiable	v:1	am(0)=love, friendship	c:0	ama/amor
amb	root	walk	Latin	ambition,amble,ambulance,ambulatory	v:1	amb(0)=walk	c:0	ambl/ambul
ambi	prefix	both, on both sides, around	Latin	ambiance,ambidextrous,ambience,ambient	v:1	ambi-(0)=both, on both sides, around	c:0	
amphi	prefix	both, on both sides, around	Greek	amphibian,amphibious,amphibole,amphiprostyle	v:1	amphi-(0)=both, on both sides, around	c:0	ampho
an	prefix	to, toward	Latin	annex,annihilate,annotate,announce	v:2	an-2(2)=to, toward | -an(0)=in adjectives: from (a place) or pertaining to or following (a figure or school of thought); in nouns: person or thing from (a place) or associated with (an activity or school of thought).	c:2	ian/ean
ana	prefix	up; against; back	Greek	Anabaptist,anabatic,anabiosis,anabolism	v:1	ana-(0)=up; against; back	c:0	
ance	suffix	state, quality, or act of	Latin	absence,acceptance,accountancy,admittance	v:1	-ance(0)=state, quality, or act of	c:0	ence/ency/ancy
andr	root	man, male	Greek	androecium,androgen,androgynous,android	v:1	andr(0)=man, male	c:0	andro
anim	root	mind, spirit, life	Latin	animadvert,animal,animate,animation	v:1	anim(0)=mind, spirit, life	c:0	
ann	root	year, years	Latin	annals,anniversary,annual,annuity	v:1	ann(0)=year, years	c:0	enn
ant	suffix	(in adjectives) doing the action denoted by the verb root; (in nouns) one who or that which does the action denoted by the verb root.	Latin	aberrant,accident,accidental,adherent	v:1	-ant(0)=(in adjectives) doing the action denoted by the verb root; (in nouns) one who or that which does the action denoted by the verb root.	c:0	ent
ante	prefix	before	Latin	ancestry,antebellum,antecede,antecedent	v:1	ante-(0)=before	c:0	
anth	root	flower	Greek	amaranth,anther,antheridium,anthology	v:1	anth(0)=flower	c:0	antho
anthr	root	human being	Greek	anthropocentric,anthropogenesis,anthropoid,anthropology	v:1	anthr(0)=human being	c:0	anthro/anthrop/anthropo
anti	prefix	against, opposed	Latin and Greek	antibacterial,antibiosis,anticlimactic,anticlimax	v:1	anti-(0)=against, opposed	c:0	
ap	prefix	to, toward	Latin	apparition,appease,append,appendix	v:1	ap-(0)=to, toward	c:0	
apo	prefix	from, away from, off, off from	Greek	aphelion,apheresis,aphesis,aphorism	v:1	apo-(0)=from, away from, off, off from	c:0	aph
apt	root	fit for	Latin	adapt,adaptation,apt,inept	v:1	apt(0)=fit for	c:0	ept
aqu	root	water	Latin	aqua,aquaculture,aquamarine,aquanaut	v:1	aqu(0)=water	c:0	aqua
ar	prefix	to, toward	Latin	arraign,arrange,arrangement,arrest	v:2	ar-(0)=to, toward | -ar1(1)=of, pertaining to, or resembling	c:2	
arbor	root	tree	Latin	arbor,Arbor Day,arboreal,arborescent	v:1	arbor(0)=tree	c:0	
arch	root	first in rank or time	Greek	anarchy,archaeology,archaic,archaism	v:1	arch(0)=first in rank or time	c:0	archi/archearchae/archeo/archaeo/archy
arian	suffix	one believing in; one associated with; one having (age)	Latin	agrarian,antiquarian,authoritarian,centenarian	v:1	-arian(0)=one believing in; one associated with; one having (age)	c:0	
arium	suffix	a place for	Latin	aquarium,auditorium,cinerarium,herbarium	v:1	-arium(0)=a place for	c:0	orium
arm	root	arms, weapons	Latin	armada,armadillo,armament,armature	v:1	arm(0)=arms, weapons	c:0	
arthr	root	joint	Greek	arthralgia,arthritis,arthropod,arthroscope	v:1	arthr(0)=joint	c:0	arthro
ary	suffix	a person, thing, or place associated with	Latin	adversary,apiary,aviary,beneficiary	v:2	-ary2(2)=a person, thing, or place associated with | -ary1(1)=like, of, related to	c:1	
as	prefix	to, toward	Latin	ascertain,assent,assert,assign	v:1	as-(0)=to, toward	c:0	
asper	root	rough	Latin	asperity,exasperate,exasperation	v:1	asper(0)=rough	c:0	
astr	root	star	Greek	aster,asterisk,asterism,asteroid	v:1	astr(0)=star	c:0	aster/astro
at	prefix	to, toward	Latin	attach,attain,attend,attendance	v:1	at-(0)=to, toward	c:0	
ate	suffix	to make, cause, do	Latin	abbreviate,abdicate,abnegate,accelerate	v:1	-ate1(1)=to make, cause, do	c:0	
ation	suffix	the act, process, or result of	Latin	aberration,acceptation,accusation,admiration	v:1	-ation(0)=the act, process, or result of	c:0	
ator	suffix	a person or thing that does	Latin	alternator,aviator,conspirator,dictator	v:1	-ator(0)=a person or thing that does	c:0	
atory	suffix	place associated with	Latin	laboratory,observatory,purgatory,reformatory	v:1	-atory1(1)=place associated with	c:0	
au	root	bird	Latin	augur,augury,auspicious,avian	v:1	au(0)=bird	c:0	avi
aud	root	hear	Latin	audible,audience,audio,audiology	v:1	aud(0)=hear	c:0	audit/audio
aut	prefix	self	Greek	autarchy,autarky,autism,autobiography	v:1	aut(0)=self	c:0	auto
ax	root	axis	Latin	axial,axiology,axis,axle	v:1	ax(0)=axis	c:0	
bar	root	pressure, weight	Greek	aneroid barometer,bariatrics,barite,barograph	v:1	bar(0)=pressure, weight	c:0	baro
bat	root	beat	Latin	abate,batter1,battle,combat	v:1	bat(0)=beat	c:0	
be	prefix	to cover or surround with; to act on or change another.	Old English	bedaub,bedazzle,bedeck,bedevil	v:1	be-(0)=to cover or surround with; to act on or change another.	c:0	
bell	root	war	Latin	antebellum,bellicose,belligerency,belligerent	v:1	bell(0)=war	c:0	belli
ben	root	good, well	Latin	benediction,benefactor,beneficent,beneficial	v:1	ben(0)=good, well	c:0	bene/bon
bi	prefix	two, twice, double	Latin	biannual,biathlon,biaxial,bicameral	v:1	bi-(0)=two, twice, double	c:0	bin
bibl	root	book	Greek	Bible,biblical,biblicist,bibliography	v:1	bibl(0)=book	c:0	bibli/biblio
bio	root	life, living, living things	Greek	abiogenesis,abiotic,aerobatics,aerobe	v:1	bio(0)=life, living, living things	c:0	bi/be
blast	root	bud, generative cell	Greek	blastema,blastocyst,blastomere,blastula	v:1	blast(0)=bud, generative cell	c:0	blasto
cad	root	to fall	Latin	accident,accidental,cadaver,cadaverous	v:1	cad(0)=to fall	c:0	cas/cid
cap	root	head	Latin	cap a pie,capital,capitalism,capitalist	v:2	cap2(2)=head | cap1(1)=to take, catch	c:1	capit/cipit/cip/capt/cept/ceive/ceit
cardi	root	heart	Greek	cardia,cardiac,cardiogram,cardiograph	v:1	cardi(0)=heart	c:0	cardio
carn	root	flesh, body	Latin	carnage,carnal,carnation,carnelian	v:1	carn(0)=flesh, body	c:0	carni
carp	root	fruit	Greek	apocarpous,carpel,endocarp,epicarp	v:1	carp(0)=fruit	c:0	
cata	prefix	down; completely, thoroughly; against; according to	Greek	catabolism,cataclysm,catafalque,catalepsy	v:1	cata-(0)=down; completely, thoroughly; against; according to	c:0	
caust	root	burn	Greek	caustic,cauterize,encaustic,holocaust	v:1	caust(0)=burn	c:0	caut
ced	root	to go; to go back or yield	Latin	accede,access,accessible,ancestry	v:1	ced(0)=to go; to go back or yield	c:0	ces/ceed/cede/cess
celer	root	swift	Latin	accelerate,celerity,decelerate	v:1	celer(0)=swift	c:0	
cent	root	hundred, hundreth	Latin	bicentennial,cent,cental,centavo	v:1	cent(0)=hundred, hundreth	c:0	centi
centr	root	center	Greek	anthropocentric,center,central,centralism	v:1	centr(0)=center	c:0	centri/centro
cephal	root	head, brain	Greek	brachycephalic,cephalic,cephalic index,cephalopod	v:1	cephal(0)=head, brain	c:0	cephalo/encephal/encephalo
cerebr	root	brain	Latin	cerebellum,cerebral,cerebral palsy,cerebrate	v:1	cerebr(0)=brain	c:0	cerebro
chlor	root	light green; containing chlorine	Greek	chlorella,chloride,chlorinate,chlorine	v:1	chlor(0)=light green; containing chlorine	c:0	chloro
chrom	root	color, pigment; the element chromium or the substance chromatin	Greek	achromatic,achromic,bichromate,chroma	v:1	chrom(0)=color, pigment; the element chromium or the substance chromatin	c:0	chromo/chromato/chrome
chron	root	time	Greek	anachronism,chronic,chronicle,chronograph	v:1	chron(0)=time	c:0	chrono
chrys	root	gold, yellow	Greek	chrysalis,chrysanthemum,chryselephantine,chrysolite	v:1	chrys(0)=gold, yellow	c:0	chryso
cine	root	motion	Greek	cinema,cinematographer,cinematography,kinematics	v:1	cine(0)=motion	c:0	kine/kinet/kinemat
circu	prefix	around	Latin	circular,circulate,circulation,circumambient	v:1	circu-(0)=around	c:0	circum
cis	root	to cut, to kill	Latin	bactericide,concise,decide,decision	v:1	cis(0)=to cut, to kill	c:0	cid/cide
civ	root	citizen	Latin	civic,civics,civil,civilian	v:1	civ(0)=citizen	c:0	
clam	root	to cry out	Latin	acclaim,acclamation,clamor,clamorous	v:1	clam(0)=to cry out	c:0	claim
claus	root	to close	Latin	clause,claustrophobia,closet,closure	v:1	claus(0)=to close	c:0	clos/clud/clus
clin	root	lean, slope	Greek	anticline,clinometer,declination,decline	v:1	clin(0)=lean, slope	c:0	cline
co	prefix	with, together	Latin	coalesce,coalition,coauthor,coaxial	v:1	co-(0)=with, together	c:0	
cogn	root	know, knowledge	Latin	cognition,cognitive,cognizable,cognizance	v:1	cogn(0)=know, knowledge	c:0	cognit/gnor
col	prefix	with, together	Latin	collaborate,collapse,collate,collateral	v:1	col-(0)=with, together	c:0	
com	prefix	with, together	Latin	accomplish,combat,combine,commerce	v:1	com-(0)=with, together	c:0	
con	prefix	with, together	Latin	conceive,concentrate,concentric,conclude	v:1	con-(0)=with, together	c:0	
cor	root	heart	Latin	accord,accordion,concord,concordance	v:2	cor2(2)=heart | cor-(0)=with, together	c:2	cour/cord
corp	root	body	Latin	corporal,corporate,corporation,corporeal	v:1	corp(0)=body	c:0	corpo/corpor/corpus
cosm	root	universe, world, order	Greek	cosmetic,cosmic,cosmochemistry,cosmogony	v:1	cosm(0)=universe, world, order	c:0	cosmo
counter	prefix	against, in the opposite direction	Latin	contradict,contradiction,contraindicate,contrary	v:1	counter-(0)=against, in the opposite direction	c:0	contra
crani	root	skull, cranium	Greek	cranial,craniate,craniology,craniometry	v:1	crani(0)=skull, cranium	c:0	cranio
crat	root	government, rule	Greek	aristocracy,aristocrat,autocracy,autocratic	v:1	crat(0)=government, rule	c:0	cracy
cred	root	believe	Latin	accredit,credence,credible,credit	v:1	cred(0)=believe	c:0	credit
cryo	root	cold	Greek	cryogen,cryogenics,cryolite,cryometer	v:1	cryo(0)=cold	c:0	
crypt	root	secret, hidden	Greek	Apocrypha,apocryphal,crypt,cryptic	v:1	crypt(0)=secret, hidden	c:0	crypto/cryph
cumul	root	heap	Latin	accumulate,accumulation,accumulative,accumulator	v:1	cumul(0)=heap	c:0	
cur	root	to care	Latin	accuracy,accurate,curable,curative	v:2	cur2(2)=to care | cur1(1)=to run	c:1	curr/cor/corr/curs/cour/cours
cy	suffix	state of or quality of	Latin and Greek	accuracy,bankruptcy,conspiracy,obstinacy	v:1	-cy(0)=state of or quality of	c:0	
cyan	root	blue	Greek	cyanic,cyanine,cyanosis,hemocyanin	v:1	cyan(0)=blue	c:0	cyano
cycl	root	wheel, circle	Greek	bicycle,cycle,cyclist,cycloid	v:1	cycl(0)=wheel, circle	c:0	cyclo
cyt	root	cell	Greek	amebocyte,cytogenetics,cytology,cytoplasm	v:1	cyt(0)=cell	c:0	cyto/cyte
dactyl	root	finger	Greek	dactyl,dactylography,pterodactyl	v:1	dactyl(0)=finger	c:0	
de	prefix	from; away from; down from; reverse, negate.	Latin	biodegradable,debase,debate,decay	v:1	de-(0)=from; away from; down from; reverse, negate.	c:0	
deb	root	owe	Latin	debenture,debit,debt,debtor	v:1	deb(0)=owe	c:0	
deca	root	ten, tenth	Greek	decade,decagon,decagram,decahedron	v:1	deca(0)=ten, tenth	c:0	dec/deci/deka
dem	root	people, populace	Greek	demagogue,demagoguery,democracy,democrat	v:1	dem(0)=people, populace	c:0	demo
dendr	root	tree	Greek	dendrite,dendrology,philodendron,rhododendron	v:1	dendr(0)=tree	c:0	dendro/dendri/dendron
dent	root	tooth, teeth	Latin	bidentate,dental,dentifrice,dentil	v:1	dent(0)=tooth, teeth	c:0	denti
derm	root	skin	Greek	dermatitis,dermatology,dermatophyte,dermatosis	v:1	derm(0)=skin	c:0	derma/dermat/dermato
dextr	root	on the righthand side; skilful	Latin	ambidextrous,dexter,dexterity,dextral	v:1	dextr(0)=on the righthand side; skilful	c:0	dextro
di	prefix	two, double	Greek	dicephalous,dichloride,dichromate,dichromatic	v:3	di-2(2)=two, double | di-3(3)=not, apart, reverse, negate | di(0)=day	c:3	diplo/diurn/journ
dia	prefix	across, apart, through, throughout	Greek	adiabatic,diabetes,diachronic,diacritic	v:1	dia-(0)=across, apart, through, throughout	c:0	di
dic	root	speak, declare	Latin	abdicate,addict,addiction,benediction	v:1	dic(0)=speak, declare	c:0	dict
dif	prefix	not, apart, reverse, negate	Latin	differ,different,diffident,diffract	v:1	dif-(0)=not, apart, reverse, negate	c:0	
dis	prefix	not; apart; reverse, negate	Latin	disable,disadvantage,disaffect,disagree	v:1	dis-(0)=not; apart; reverse, negate	c:0	
divid	root	divide	Latin	divide,dividend,divisible,division	v:1	divid(0)=divide	c:0	divis
doc	root	teach	Latin	docent,docile,doctor,doctrinaire	v:1	doc(0)=teach	c:0	doct
dodeca	root	twelve, twelfth	Greek	dodecagon,dodecahedron	v:1	dodeca(0)=twelve, twelfth	c:0	
dom	root	house	Latin	condominium,domestic,domesticate,domicile	v:3	dom2(2)=house | -dom(0)=domain of; state of being | dom1(1)=master	c:3	domin
don	root	give	Latin	condone,data,dative,donate	v:1	don(0)=give	c:0	donat/dat
dont	root	tooth, teeth	Greek	endodontics,iguanodon,mastodon,odontology	v:1	dont(0)=tooth, teeth	c:0	odont/odonto/odon
dox	root	opinion, belief	Greek	dogma,dogmatic,dogmatism,doxology	v:1	dox(0)=opinion, belief	c:0	dogma
du	root	two	Latin	dual,duet,duo,duodecimal	v:1	du(0)=two	c:0	duo
duc	root	lead; draw along	Latin	abduct,adduce,aqueduct,conduce	v:1	duc(0)=lead; draw along	c:0	duct
dyn	root	power, energy, strength	Greek	aerodynamics,dynamic,dynamics,dynamism	v:1	dyn(0)=power, energy, strength	c:0	dyna/dynam/dynamo
dys	prefix	bad, difficult, abnormal	Greek	dysentery,dysfunction,dyslexia,dysmenorrhea	v:1	dys-(0)=bad, difficult, abnormal	c:0	
e	prefix	out, out of, away	Latin	ebullient,edentulous,edict,educate	v:1	e-(0)=out, out of, away	c:0	
ec	root	out, outside	Greek	appendectomy,eccentric,ecstasy,ectoderm	v:1	ec(0)=out, outside	c:0	ect/ecto
eco	root	habitat, environment	Greek	ecocide,ecology,economic,economics	v:1	eco(0)=habitat, environment	c:0	
ee	suffix	person who undergoes or receives	Latin	committee,detainee,donee,employee	v:1	-ee(0)=person who undergoes or receives	c:0	
eer	suffix	one who does or is related to	Latin	auctioneer,balladeer,buccaneer,cameleer	v:1	-eer(0)=one who does or is related to	c:0	
ef	prefix	out, out of, away	Latin	effect,efficient,effluent,effluvium	v:1	ef-(0)=out, out of, away	c:0	
ego	root	I, self	Latin	alter ego,ego,egocentric,egoist	v:1	ego(0)=I, self	c:0	
electr	root	electric	Greek	dynamoelectric,electrocardiograph,electroencephalograph,electroscope	v:1	electr(0)=electric	c:0	
en	suffix	made of	Old English	ashen,brazen,earthen,golden	v:4	-en2(2)=made of | en-2(2)=in, into, inside | en-1(1)=to put into; cause to be or have | -en1(1)=to cause to be or become or have	c:5	em
endo	prefix	inside	Greek	endoblast,endocarditis,endocarp,endocrine	v:1	endo-(0)=inside	c:0	
ennea	root	nine	Greek	ennead	v:1	ennea(0)=nine	c:0	
entero	root	intestine	Greek	enteritis,enterostomy,gastroenteritis	v:1	entero(0)=intestine	c:0	
epi	prefix	on, upon, over; beyond, after, outside	Greek	ephemeral,ephemeris,epiblast,epicalyx	v:1	epi-(0)=on, upon, over; beyond, after, outside	c:0	eph/ep
equ	root	equal	Latin	adequate,equable,equal,equality	v:1	equ(0)=equal	c:0	equi
er	suffix	a person or thing that does	Latin	actor,administrator,builder,batter3	v:1	-er(0)=a person or thing that does	c:0	or/ar
erg	root	work	Greek	allergy,dramaturgy,energetics,energy	v:1	erg(0)=work	c:0	ergo/urg
err	root	error, wander	Latin	aberrant,aberration,err,errand	v:1	err(0)=error, wander	c:0	
erythr	root	red	Greek	erythrocyte,erythromycin	v:1	erythr(0)=red	c:0	erythro
es	prefix	out, out of, away	Latin	escape,escort	v:1	es-(0)=out, out of, away	c:0	
escent	suffix	becoming; beginning to	Latin	arborescent,bioluminescent,crescent,effervescent	v:1	-escent(0)=becoming; beginning to	c:0	
esthes	root	feeling, sensation, sense perception	Greek	aesthete,aesthetic,aesthetics,anesthesia	v:1	esthes(0)=feeling, sensation, sense perception	c:0	aesthes/esthet/aesthet
ethno	root	race, culture, people	Greek	ethnobotany,ethnocentric,ethnology,ethnomusicology	v:1	ethno(0)=race, culture, people	c:0	
eu	prefix	good, well	Greek	eucalyptus,Eucharist,eugenics,euglena	v:1	eu(0)=good, well	c:0	
evaev	root	age, era	Latin	coeval,medieval,primeval	v:1	ev (aev)(0)=age, era	c:0	
ex	prefix	out, out of, away from	Latin	exalt,exceed,excel,excellent	v:1	ex-(0)=out, out of, away from	c:0	
exo	prefix	outer, outside	Greek	exobiology,exocarp,exogamy,exophthalmos	v:1	exo-(0)=outer, outside	c:0	
extr	prefix	on the outside, beyond	Latin	external,extracurricular,extraneous,extraordinary	v:1	extr-(0)=on the outside, beyond	c:0	extra/exter
fac	root	make, do	Latin	affect,affection,artifice,artificial	v:1	fac(0)=make, do	c:0	fic/fec/fact/fect
faction	suffix	act or process of making or becoming	Latin	ammonification,amplification,beatification,beautification	v:1	-faction(0)=act or process of making or becoming	c:0	ification/efaction
fall	root	to deceive	Latin	fallacious,fallacy,falsify,infallible	v:1	fall(0)=to deceive	c:0	fals
fem	root	female, woman	Latin	effeminate,female,feminine,feminism	v:1	fem(0)=female, woman	c:0	femin
fer	root	carry, bring	Latin	ablate,ablation,afferent,aquifer	v:1	fer(0)=carry, bring	c:0	lat/late
fic	suffix	making, doing, causing	Latin	beatific,calorific,honorific,horrific	v:1	-fic(0)=making, doing, causing	c:0	
fid	root	faith, trust	Latin	confidant,confide,confidence,confident	v:1	fid(0)=faith, trust	c:0	
fig	root	form	Latin	configuration,configure,disfigure,effigy	v:1	fig(0)=form	c:0	
fil	root	son or daughter	Latin	affiliate,affiliation,disaffiliate,filial	v:2	fil1(1)=son or daughter | fil2(2)=thread, line	c:1	
fin	root	end, limit	Latin	confine,define,definite,final	v:1	fin(0)=end, limit	c:0	
firm	root	make firm; support	Latin	affirm,affirmation,affirmative,confirm	v:1	firm(0)=make firm; support	c:0	
fix	root	fasten, attach	Latin	affix,fixation,fixative,fixity	v:1	fix(0)=fasten, attach	c:0	
flat	root	blow, puff	Latin	afflatus,deflate,deflation,flatulent	v:1	flat(0)=blow, puff	c:0	
flect	root	bend	Latin	deflect,flexible,flexion,flexor	v:1	flect(0)=bend	c:0	flex
flic	root	strike	Latin	afflict,affliction,conflict,inflict	v:1	flic(0)=strike	c:0	
flor	root	flower	Latin	effloresce,efflorescence,flora,Flora	v:1	flor(0)=flower	c:0	flori
foli	root	leaf, page	Latin	cinquefoil,defoliant,exfoliate,foil	v:1	foli(0)=leaf, page	c:0	foil
fore	root	before, in time or position	Old English	forearm,forecast,forecheck,forego	v:1	fore-(0)=before, in time or position	c:0	
form	root	shape, form	Latin	aliform,antiformalist,antireform,auriform	v:1	form(0)=shape, form	c:0	
fort	root	strong	Latin	effort,fortification,fortitude,fortress	v:2	fort2(2)=strong | fort1(1)=luck, chance	c:1	
fract	root	break	Latin	diffract,fraction,fracture,fragile	v:1	fract(0)=break	c:0	frag
frater	root	brother	Latin	fraternal,fraternity,fratricide	v:1	frater(0)=brother	c:0	
fric	root	rub	Latin	dentifrice,fricative,friction	v:1	fric(0)=rub	c:0	
fug	root	flee	Latin	centrifugal,centrifuge,fugitive,insectifuge	v:1	fug(0)=flee	c:0	fuge
ful	suffix	an amount that fills	Old English	bellyful,cupful,earful,eyeful	v:2	-ful2(2)=an amount that fills | -ful1(1)=full of	c:1	
funct	root	perform	Latin	dysfunction,function,functional,malfunction	v:1	funct(0)=perform	c:0	
fus	root	pour, melt	Latin	circumfuse,confound,confuse,confusion	v:1	fus(0)=pour, melt	c:0	found
fy	suffix	make, cause to be, become	Latin	beautify,casefy,citify,clarify	v:1	-fy(0)=make, cause to be, become	c:0	ify/efy
gam	root	marriage	Greek	allogamy,apogamy,autogamy,bigamy	v:1	gam(0)=marriage	c:0	gamo/gamy
gen	root	birth, origin, race, kind	Latin and Greek	abiogenesis,acrogen,androgen,anthropogenesis	v:1	gen(0)=birth, origin, race, kind	c:0	gener
geo	root	earth	Greek	geocentric,geode,geodesic,geography	v:1	geo(0)=earth	c:0	
giga	root	giant; billion	Greek	gigahertz	v:1	giga(0)=giant; billion	c:0	
gnos	root	know, knowledge	Greek	agnostic,diagnose,diagnosis,gnome2	v:1	gnos(0)=know, knowledge	c:0	gnosis/gnom/gnomy
gon	root	angle	Greek	diagonal,heptagon,hexagon,nonagon	v:1	gon(0)=angle	c:0	
grad	root	go, step, degree	Latin	biodegradable,centigrade,degrade,downgrade	v:1	grad(0)=go, step, degree	c:0	grade
gram	root	write	Greek	anagram,cardiogram,diagram,epigram	v:1	gram(0)=write	c:0	
graph	root	writing, drawing, recording	Greek	anemograph,arteriography,autobiography,autograph	v:1	graph(0)=writing, drawing, recording	c:0	graphy
grat	root	pleasing	Latin	congratulate,grateful,gratify,gratitude	v:1	grat(0)=pleasing	c:0	
grav	root	heavy	Latin	aggravate,grave2,gravimetric,gravitas	v:1	grav(0)=heavy	c:0	
greg	root	flock, gathering	Latin	aggregate,aggregation,congregate,congregation	v:1	greg(0)=flock, gathering	c:0	
gress	root	to walk, go	Latin	aggress,aggression,aggressive,congress	v:1	gress(0)=to walk, go	c:0	
gyn	root	woman, female	Greek	androgynous,epigynous,gynandromorph,gynecocracy	v:1	gyn(0)=woman, female	c:0	gyno/gyne/gynec/gyneco
gyr	root	circle	Greek	gyrate,gyre,gyro,gyrocompass	v:1	gyr(0)=circle	c:0	gyro
hab	root	hold, have	Latin	exhibit,habit,habitat,habitual	v:1	hab(0)=hold, have	c:0	hib
hect	root	hundred	Greek	hecatomb,hectare,hectogram,hectograph	v:1	hect(0)=hundred	c:0	hecto/hecat
heli	root	sun	Greek	aphelion,heliocentric,heliograph,Helios	v:1	heli(0)=sun	c:0	helio
helic	root	spiral, circular	Greek	helical,helicoid,helicopter,helix	v:1	helic(0)=spiral, circular	c:0	helico
hem	root	blood; blood condition	Greek	anaemia,anemia,aplastic anemia,hemacytometer	v:1	hem(0)=blood; blood condition	c:0	hemo/hemat/hemato/hema/emia/aemia
hemi	prefix	half, partly	Greek	hemidemisemiquaver,hemihedral,hemihydrate,hemiparasite	v:1	hemi-(0)=half, partly	c:0	
hepat	root	liver	Greek	hepatectomy,hepatic,hepatica,hepatitis	v:1	hepat(0)=liver	c:0	hepato
hept	root	seven	Greek	heptad,heptagon,heptameter,heptarchy	v:1	hept(0)=seven	c:0	hepta
her	root	stick	Latin	adhere,adherent,adhesion,adhesive	v:1	her(0)=stick	c:0	hes
hetero	root	different, other	Greek	heterocyclic,heterodox,heterodoxy,heterogamete	v:1	hetero(0)=different, other	c:0	
hexa	root	six	Greek	hexagon,hexagram,hexahedron,hexameter	v:1	hexa(0)=six	c:0	hex
hom	root	man, human	Latin	homage,homicide,hominoid,Homo sapiens	v:1	hom(0)=man, human	c:0	
homo	root	one, same	Greek	anomalous,anomaly,homeopathy,homeostasis	v:1	homo(0)=one, same	c:0	homeo/omal
hood	suffix	1. state, condition; 2.the whole group of	Old English	adulthood,boyhood,brotherhood,childhood	v:1	-hood(0)=1. state, condition; 2.the whole group of	c:0	
horr	root	tremble, bristle (as with fear)	Latin	abhor,abhorrent,horrid,horrify	v:1	horr(0)=tremble, bristle (as with fear)	c:0	hor
hosp	root	host, guest	Latin	hospice,hospitable,hospital,hospitality	v:1	hosp(0)=host, guest	c:0	host
host	root	stranger, enemy	Latin	hostage,hostile	v:1	host2(2)=stranger, enemy	c:0	
hydr	root	water, hydrogen, liquid	Greek	anhydride,carbohydrate,dehydrate,dehydrogenate	v:1	hydr(0)=water, hydrogen, liquid	c:0	hydro
hyp	prefix	under, below, less	Greek	hyphen,hypoblast,hypochlorous acid,hypochondria	v:1	hyp-(0)=under, below, less	c:0	hypo
hyper	prefix	over, beyond, excessive	Greek	hyper,hyperactive,hyperbola,Hyperborean	v:1	hyper-(0)=over, beyond, excessive	c:0	
hypn	root	sleep	Greek	hypnology,hypnosis,hypnotic,hypnotism	v:1	hypn(0)=sleep	c:0	hypno
i	prefix	not, without	Latin	ignorant,ignore	v:1	i-(0)=not, without	c:0	
iatr	root	medical care, healing	Greek	bariatrics,geriatrics,gyniatrics,iatrogenic	v:1	iatr(0)=medical care, healing	c:0	iatri/iatro/iatry
ic	suffix	like, pertaining to	Latin and Greek	abiotic,acerbic,acidic,aerobic	v:1	-ic(0)=like, pertaining to	c:0	
ician	suffix	practictioner of or expert in	Latin	mathematician,mortician,optician,patrician	v:1	-ician(0)=practictioner of or expert in	c:0	
icon	root	image	Greek	emoticon,icon,iconoclast,iconography	v:1	icon(0)=image	c:0	icono
ics	suffix	science, study, or practice of; properties of; practices pertaining to	Greek	acoustics,acrobatics,aerobatics,aerobics	v:1	-ics(0)=science, study, or practice of; properties of; practices pertaining to	c:0	
idio	root	particular or personal to; distinct	Greek	idiolect,idiom,idiomatic,idiopathy	v:1	idio(0)=particular or personal to; distinct	c:0	
iferous	suffix	producing, bearing, carrying	Latin	argentiferous,auriferous,calciferous,carboniferous	v:1	-iferous(0)=producing, bearing, carrying	c:0	
ig	prefix	not, without	Latin	ignoble,ignominy	v:1	ig-(0)=not, without	c:0	
il	prefix	not, without	Latin	illegal,illegible,illegitimate,illiberal	v:2	il-2(2)=not, without | il-1(1)=in, into, on	c:1	
ile	suffix	capable of being or undergoing; pertaining to	Latin	agile,civil,docile,ductile	v:1	-ile(0)=capable of being or undergoing; pertaining to	c:0	il
im	prefix	not, without	Latin	imbalance,immaculate,immaterial,immature	v:2	im-2(2)=not, without | im-1(1)=in, into, on	c:1	
imag	root	likeness	Latin	image,imagery,imaginary,imaginative	v:1	imag(0)=likeness	c:0	
in	prefix	in, into, on	Latin	incise,incision,incisor,include	v:2	in-1(1)=in, into, on | in-2(2)=not, without	c:1	
infra	prefix	above, over	Latin	infrared,infrasonic,infrastructure	v:1	infra-(0)=above, over	c:0	
init	root	beginning	Latin	initial,initiate,initiative	v:1	init(0)=beginning	c:0	
integ	root	whole	Latin	disintegrate,integer,integral,integrate	v:1	integ(0)=whole	c:0	
inter	prefix	between, among	Latin	interact,interactive,intercalate,intercede	v:1	inter-(0)=between, among	c:0	
intra	prefix	within, inside	Latin	intracellular,intramural,intrastate,intrauterine	v:1	intra-(0)=within, inside	c:0	
intro	prefix	inward, inside	Latin	introduce,introit,intromit,introrse	v:1	intro-(0)=inward, inside	c:0	
ion	suffix	the act, process, or result of	Latin	ablation,abrasion,accession,action	v:1	-ion(0)=the act, process, or result of	c:0	
ir	prefix	in, into, on	Latin	irradiate,irrigate,irrupt	v:2	ir-1(1)=in, into, on | ir-2(2)=not, without	c:1	
ish	suffix	of, resembling; somewhat	Old English	amateurish,apish,bearish,boorish	v:1	-ish(0)=of, resembling; somewhat	c:0	
ism	suffix	act, process, state, practice, or instance of	Greek	anachronism,aphorism,archaism,autism	v:2	-ism1(1)=act, process, state, practice, or instance of | -ism2(2)=doctrine, belief, theory	c:1	
iso	prefix	equal, same	Greek	isoagglutination,isobar,isochronal,isocline	v:1	iso-(0)=equal, same	c:0	
ist	suffix	person who does or believes in	Greek	activist,artist,biologist,Buddhist	v:1	-ist(0)=person who does or believes in	c:0	
it	root	journey, road	Latin	adit,ambient,ambition,ambitious	v:1	it(0)=journey, road	c:0	itiner
ite	suffix	in a state or condition (produced by the action denoted by the verb base)	Latin	apposite,bipartite,composite,contrite	v:3	-ite1(1)=in a state or condition (produced by the action denoted by the verb base) | -ite3(3)=mineral or fossil | -ite2(2)=person or thing that comes from, or is a member or follower of	c:2	
itious	suffix	having the nature of, characterized by	Latin	adventitious,expeditious,factitious,fictitious	v:1	-itious(0)=having the nature of, characterized by	c:0	
itis	suffix	inflammation	Greek	appendicitis,arthritis,bronchitis,bursitis	v:1	-itis(0)=inflammation	c:0	
ive	suffix	tending to, connected with, or performing	Latin	abrasive,abusive,accumulative,activate	v:1	-ive(0)=tending to, connected with, or performing	c:0	ative
ization	suffix	act, fact, or process of	Latin and Greek	capitalization,civilization,generalization	v:1	-ization(0)=act, fact, or process of	c:0	
ize	suffix	to turn into or cause to be	Greek	advertise,aggrandize,alphabetize,Americanize	v:1	-ize(0)=to turn into or cause to be	c:0	ise
ject	root	throw; lie	Latin	abject,adjacent,adjective,conjecture	v:1	ject(0)=throw; lie	c:0	jet/jac
jud	root	justice, law; swear	Latin	adjudicate,abjure,adjure,conjure	v:1	jud(0)=justice, law; swear	c:0	jur/just
junct	root	join	Latin	adjunct,conjunct,conjunction,conjunctiva	v:1	junct(0)=join	c:0	
kilo	root	thousand	Greek	kilo,kilobar,kilobyte,kilocycle	v:1	kilo(0)=thousand	c:0	
labor	root	to work	Latin	belabor,collaborate,elaborate,labor	v:1	labor(0)=to work	c:0	laborat/lab
lachrym	root	tears	Greek	lachrymal,lachrymose	v:1	lachrym(0)=tears	c:0	
laps	root	slip, fall back	Latin	collapse,elapse,lapse,prolapse	v:1	laps(0)=slip, fall back	c:0	
lat	root	side	Latin	bilateral,collateral,equilateral,lateral	v:1	lat1(1)=side	c:0	
latry	root	worship	Greek	demonolatry,idolatry,ophiolatry	v:1	-latry(0)=worship	c:0	
leg	root	gather; choose; read	Latin	collect,elect,election,eligibility	v:2	leg2(2)=gather; choose; read | leg1(1)=law	c:1	lect/lig
less	suffix	without	Middle English	aimless,airless,baseless,blameless	v:1	-less(0)=without	c:0	
leuk	root	white, colorless	Greek	leukemia,leukocyte,leukocytosis,leukoderma	v:1	leuk(0)=white, colorless	c:0	leuko/leuc/leuco
lex	root	speak, speech, word	Greek	alexia,analects,dialect,dialectic	v:1	lex(0)=speak, speech, word	c:0	lect
liber	root	free	Latin	liberal,liberate,libertarian,libertine	v:1	liber1(1)=free	c:0	
libr	root	book	Latin	libel,librarian,library,libretto	v:1	libr(0)=book	c:0	
libra	root	balance, weight	Latin	deliberate,equilibrant,equilibrate,equilibrium	v:1	libra(0)=balance, weight	c:0	liber
like	suffix	similar to, in the manner of	Old English	businesslike,childlike,clocklike,godlike	v:1	-like(0)=similar to, in the manner of	c:0	
lingu	root	language, tongue	Latin	bilingual,lingual,linguine,linguist	v:1	lingu(0)=language, tongue	c:0	
lip	root	fat	Greek	lipase,lipid,lipoid	v:1	lip(0)=fat	c:0	lipo
lit	root	letter, reading	Latin	alliteration,illiteracy,illiterate,literacy	v:1	lit(0)=letter, reading	c:0	litera
lith	root	mineral, rock, stone, fossil	Greek	aerolite,chromolithography,chrysolite,cryolite	v:1	lith(0)=mineral, rock, stone, fossil	c:0	litho/lite/lithic
loc	root	place	Latin	allocate,dislocate,local,locale	v:1	loc(0)=place	c:0	
log	root	word, speech, written work	Greek	apologetics,apologia,apologue,catalogue	v:1	log(0)=word, speech, written work	c:0	logo/logue
logy	suffix	study of, science of; written work; structure or principle	Greek	aerobiology,aerology,agrobiology,analogy	v:1	-logy(0)=study of, science of; written work; structure or principle	c:0	ology
loqu	root	speak; speech	Latin	circumlocution,colloquial,colloquium,colloquy	v:1	loqu(0)=speak; speech	c:0	locu
luc	root	light; shine	Latin	elucidate,illuminate,lucid,lumen	v:1	luc(0)=light; shine	c:0	lum
luct	root	struggle	Latin	ineluctable,reluctance,reluctant	v:1	luct(0)=struggle	c:0	
lud	root	to play	Latin	allude,collude,delude,disillusion	v:1	lud(0)=to play	c:0	lus
lun	root	moon	Latin	circumlunar,cislunar,lunacy,lunar	v:1	lun(0)=moon	c:0	luni/luna
lustr	root	shine	Latin	illustrate,illustration,illustrious,lackluster	v:1	lustr(0)=shine	c:0	
ly	suffix	like; every (when attached to times)	Old English	bodily,cowardly,daily,dastardly	v:2	-ly2(2)=like; every (when attached to times) | -ly1(1)=in such a way or manner	c:1	
lys	root	break down, disintegrate	Greek	analysis,analyst,analytic,analyze	v:1	lys(0)=break down, disintegrate	c:0	lyt/lyze
macro	prefix	large, long	Greek	macro,macrobiotic,macrobiotics,macrocephaly	v:1	macro-(0)=large, long	c:0	
magn	root	great, large	Latin	magnanimity,magnanimous,magnate,magnificent	v:1	magn(0)=great, large	c:0	magna/magni/maj
mal	root	bad, evil, ill	Latin	dismal,maladjusted,maladminister,maladroit	v:1	mal(0)=bad, evil, ill	c:0	male
man	root	hand	Latin	amanuensis,bimanual,emancipate,maintain	v:1	man(0)=hand	c:0	mani/manu/main
mancy	suffix	divination	Greek	bibliomancy,chiromancy,necromancy,oneiromancy	v:1	-mancy(0)=divination	c:0	
mand	root	give an order	Latin	command,commandment,commando,countermand	v:1	mand(0)=give an order	c:0	
mania	root	excessive desire	Greek	bibliomania,cleptomania,decalcomania,dipsomania	v:1	mania(0)=excessive desire	c:0	
mar	root	sea	Latin	aquamarine,mariculture,marina,marine	v:1	mar(0)=sea	c:0	mari
matr	root	mother	Latin	maternal,maternity,matriarch,matricide	v:1	matr(0)=mother	c:0	matri/mater
maxi	root	largest	Latin	maxim,maximize,maximum	v:1	maxi(0)=largest	c:0	
mechan	root	machine; means	Greek	mechanic,mechanical,mechanism,mechanize	v:1	mechan(0)=machine; means	c:0	
medi	root	middle	Latin	immediate,intermediary,intermediate,media1	v:1	medi(0)=middle	c:0	
mega	root	large, great, million	Greek	acromegaly,megabyte,megacycle,megadeath	v:1	mega(0)=large, great, million	c:0	megal/megalo/megaly
melan	root	black	Greek	melancholia,melancholy,Melanesian,melanin	v:1	melan(0)=black	c:0	melano
memor	root	memory	Latin	commemorate,commemorative,immemorial,memorandum	v:1	memor(0)=memory	c:0	member/membr
ment	suffix	act, process, or instance of	Latin	adjustment,advertisement,agreement,announcement	v:2	-ment(0)=act, process, or instance of | ment(0)=mind	c:2	
mer	root	part	Greek	allomerism,antimere,blastomere,isomer	v:1	mer(0)=part	c:0	mere
merge	root	sink, dip, dive	Latin	emerge,emergency,immerse,immersion	v:1	merge(0)=sink, dip, dive	c:0	mers
meso	prefix	middle	Greek	mesencephalon,mesentery,mesoblast,mesocarp	v:1	meso-(0)=middle	c:0	
meta	prefix	change, between, after, beyond	Greek	metabolism,metacarpus,metamorphosis,metaphase	v:1	meta-(0)=change, between, after, beyond	c:0	
metr	root	measure	Greek	accelerometer,altimeter,ametropia,ammeter	v:1	metr(0)=measure	c:0	meter/metry
micro	prefix	small	Greek	microbe,microbiology,microcephaly,microclimate	v:1	micro-(0)=small	c:0	
mill	root	thousand	Latin	billion,decillion,millennium,millepede	v:1	mill(0)=thousand	c:0	milli/illion
mim	root	copy, imitate	Latin	mime,mimeograph,mimic,mimicry	v:1	mim(0)=copy, imitate	c:0	
min	root	small; make smaller	Latin	diminish,diminution,diminutive,mince	v:1	min(0)=small; make smaller	c:0	
minist	root	serve, assist	Latin	administer,administration,administrative,administrator	v:1	minist(0)=serve, assist	c:0	minst
mis	root	hate	Greek	misanthrope,misanthropy,misogamy,misogyny	v:2	mis2(2)=hate | mis-(0)=bad, badly, wrongly	c:2	miso
mit	root	send, let go	Latin	admissible,admission,admit,admittance	v:1	mit(0)=send, let go	c:0	mis/mitt/miss/mise
mne	root	memory	Greek	amnesia,amnesty,mnemonic,mnemonics	v:1	mne(0)=memory	c:0	mnes/mnest
mob	root	move	Latin	automobile,commotion,demote,emote	v:1	mob(0)=move	c:0	mot/mov
mon	root	advise, warn	Latin	admonish,admonition,monitor,premonition	v:2	mon(0)=advise, warn | mon(0)=one, single, alone	c:1	mono
morph	root	shape, form	Greek	allomorph,amorphous,anthropomorphic,anthropomorphism	v:1	morph(0)=shape, form	c:0	morpho
mort	root	death	Latin	amortize,immortal,immortality,mortal	v:1	mort(0)=death	c:0	
multi	prefix	many	Latin	multifarious,multiparous,multiple,multiply	v:1	multi-(0)=many	c:0	
mut	root	change, interchange	Latin	commute,immutable,mutation,mutual	v:1	mut(0)=change, interchange	c:0	
my	root	muscle	Greek	myocardiograph,myocardium	v:1	my(0)=muscle	c:0	myo
myri	root	a large number	Greek	myriad,myriapod	v:1	myri(0)=a large number	c:0	
nano	root	dwarf	Greek	nanometer,nanosecond	v:1	nano(0)=dwarf	c:0	
narr	root	tell, give an account of	Latin	narrate,narrative,narrator	v:1	narr(0)=tell, give an account of	c:0	
nat	root	birth; born	Latin	innate,nascent,natal,nation	v:1	nat(0)=birth; born	c:0	nas
naut	root	ship; sailor	Greek	aeronautics,aquanaut,astronaut,nautical	v:1	naut(0)=ship; sailor	c:0	
nav	root	ship	Latin	circumnavigate,naval,navigable,navigate	v:1	nav(0)=ship	c:0	
necr	root	dead; death	Greek	necrology,necromancy,necropolis,necrosis	v:1	necr(0)=dead; death	c:0	necro
neg	root	no	Latin	abnegate,negation,negative,renege	v:1	neg(0)=no	c:0	
neo	root	new, recent	Greek	neoclassic,neocolonialism,neodymium,Neolithic	v:1	neo(0)=new, recent	c:0	
nephr	root	kidney	Greek	nephrectomy,nephrite,nephritis,nephrology	v:1	nephr(0)=kidney	c:0	nephro
ness	suffix	state or quality of	Old English	airiness,brightness,consciousness,fitness	v:1	-ness(0)=state or quality of	c:0	
neur	root	nerve	Greek	neuralgia,neurasthenia,neuritis,neurology	v:1	neur(0)=nerve	c:0	neuro
nom	root	law, system of laws	Greek	agronomy,anomie,astronomical,astronomy	v:2	nom2(2)=law, system of laws | nom1(1)=name	c:1	nomo/nomy/nomin/nomen
non	root	nine	Latin	nonagenarian,nonagon,nonet,nonillion	v:2	non(0)=nine | non-(0)=not	c:2	nona
not	root	mark	Latin	annotate,connotation,connote,denotation	v:1	not(0)=mark	c:0	
noun	root	declare	Latin	announce,announcement,annunciation,denounce	v:1	noun(0)=declare	c:0	nunc
nov	root	new	Latin	innovate,innovation,novel,novelty	v:1	nov(0)=new	c:0	
novem	root	ninth	Latin	November,novena	v:1	novem(0)=ninth	c:0	noven
nox	root	night	Latin	equinox,nocturnal,nocturne	v:1	nox(0)=night	c:0	noct/noctu
numer	root	number	Latin	enumerate,numeral,numerous	v:1	numer(0)=number	c:0	
o	prefix	towards; against; away	Latin	omission,omit	v:1	o-(0)=towards; against; away	c:0	
ob	prefix	towards; against; away	Latin	obliterate,obloquy,obstinacy,obtrude	v:1	ob-(0)=towards; against; away	c:0	
oc	prefix	towards; against; away	Latin	occasion,occidental,occlude,occur	v:1	oc-(0)=towards; against; away	c:0	
oct	root	eight	Greek	octagon,octane,octant,octave	v:1	oct(0)=eight	c:0	octo/octa
ocul	root	eye	Latin	binocular,monocle,monocular,ocular	v:1	ocul(0)=eye	c:0	
of	prefix	towards; against; away	Latin	offend,official	v:1	of-(0)=towards; against; away	c:0	
oid	suffix	resembling, like	Greek	android,anthropoid,asteroid,deltoid	v:1	-oid(0)=resembling, like	c:0	
olig	root	few; deficiency	Greek	oligarchy,oligopoly,oligopsony	v:1	olig(0)=few; deficiency	c:0	oligo
omni	prefix	all	Latin	omnibus,omnidirectional,omnipotent,omnipresent	v:1	omni-(0)=all	c:0	
onomas	root	name	Greek	antonomasia,onomastic,onomastics,onomatopoeia	v:1	onomas(0)=name	c:0	onomat
ont	root	being, existence	Greek	ontic,ontogeny,ontology,paleontology	v:1	ont(0)=being, existence	c:0	onto
onym	root	name, word	Greek	acronym,anonym,anonymous,antonym	v:1	onym(0)=name, word	c:0	
op	root	eye, visual condition, vision, sight, inspection	Greek	ametropia,autopsy,biopsy,coreopsis	v:2	op(0)=eye, visual condition, vision, sight, inspection | op-(0)=towards; against; away	c:2	ops/opt/opto/ophthalm/ophthalmo/opia/opsy
opt	root	choose	Latin	adopt,adoption,option	v:2	opt2(2)=choose | opt1(1)=best	c:1	
orb	root	wheel, circle	Latin	exorbitant,orb,orbicular,orbit	v:1	orb(0)=wheel, circle	c:0	
ord	root	row, rank, order	Latin	coordinate,disorder,extraordinary,order	v:1	ord(0)=row, rank, order	c:0	ordin
ornith	root	bird	Greek	ornithology	v:1	ornith(0)=bird	c:0	ornitho
ortho	root	straight, vertical, perpendicular; correct	Greek	orthoclase,orthodontics,orthodontist,orthodox	v:1	ortho(0)=straight, vertical, perpendicular; correct	c:0	
ory	suffix	serving to, pertaining to	Latin	accusatory,advisory,aleatory,amatory	v:1	-ory(0)=serving to, pertaining to	c:0	atory
ose	suffix	having many or much of; tending toward	Latin	adipose,bellicose,grandiose,jocose	v:2	-ose1(1)=having many or much of; tending toward | -ose2(2)=carbohydrate, esp. sugar	c:1	
osis	suffix	condition (usually medical) 	Greek	antibiosis,arteriosclerosis,autohypnosis,chlorosis	v:1	-osis(0)=condition (usually medical) 	c:0	
osity	suffix	state or condition of	Latin	animosity,curiosity,generosity,monstrosity	v:1	-osity(0)=state or condition of	c:0	
oste	root	bone	Greek	osteitis,osteoblast,osteology,osteoma	v:1	oste(0)=bone	c:0	osteo
otic	suffix	having or related to (a condition or state)	Greek	antibiotic,hypnotic,necrotic,neurotic	v:1	-otic(0)=having or related to (a condition or state)	c:0	
oto	root	ear	Greek	otitis,otology,otosclerosis	v:1	oto(0)=ear	c:0	ot
ous	suffix	full of, characterized by	Latin	adventurous,ambiguous,amorous,amorphous	v:1	-ous(0)=full of, characterized by	c:0	ious
out	prefix	out, outside, outward; beyond, better, more	Old English	outbreak,outburst,outcast,outcome	v:1	out-(0)=out, outside, outward; beyond, better, more	c:0	
ov	root	egg	Latin	oval,oviduct,oviform,oviparous	v:1	ov(0)=egg	c:0	ovi
over	prefix	excessively, too much; over, on top, above	Old English	overact,overbake,overboard,overbook	v:1	over-(0)=excessively, too much; over, on top, above	c:0	
pac	root	peace	Latin	pacifier,pacifist,pacify,pact	v:1	pac(0)=peace	c:0	
pale	root	ancient	Greek	paleethnology,paleography,Paleolithic,paleontology	v:1	pale(0)=ancient	c:0	paleo
palp	root	touch	Latin	impalpable,palp,palpable,palpate	v:1	palp(0)=touch	c:0	
pan	root	all	Greek	cyclorama,panacea,panchromatic,pancreas	v:1	pan(0)=all	c:0	panto
par	root	equal	Latin	comparable,comparative,compare,comparison	v:2	par1(1)=equal | par2(2)=to bear, give birth to	c:1	
para	prefix	beside, alongside	Greek	parabiosis,parable,parabola,paradigm	v:2	para-(0)=beside, alongside | para(0)=defense against	c:2	
path	root	suffer, feel; disease	Greek	allopath,allopathy,antipathy,empathy	v:1	path(0)=suffer, feel; disease	c:0	patho/pathic/pathy
patr	root	father, fatherland	Latin	expatriate,paterfamilias,paternal,paternalism	v:1	patr(0)=father, fatherland	c:0	patri/pater
pecc	root	sin	Latin	impeccable,peccadillo,peccant	v:1	pecc(0)=sin	c:0	
ped	root	foot, feet	Latin	biped,centipede,cypripedium,expediency	v:2	ped1(1)=foot, feet | ped2(2)=child	c:1	pedi/pede/pedo
pel	root	drive, push	Latin	compel,compulsion,compulsive,compulsory	v:1	pel(0)=drive, push	c:0	puls
pend	root	hang; weigh; spend	Latin	append,appendix,depend,dependable	v:1	pend(0)=hang; weigh; spend	c:0	pens
penta	root	five	Greek	pentacle,pentad,pentagon,pentahedron	v:1	penta(0)=five	c:0	pent
pept	root	digestion	Greek	dyspepsia,eupepsia,pepsin,peptic	v:1	pept(0)=digestion	c:0	peps
per	prefix	through, throughout; very	Latin	impermeable,impermissible,imperturbable,impervious	v:1	per-(0)=through, throughout; very	c:0	
peri	root	around, surrounding	Greek	aperiodic,perianth,pericarditis,pericardium	v:1	peri(0)=around, surrounding	c:0	
phag	root	eat	Greek	anthropophagy,bacteriophage,dysphagia,esophagus	v:1	phag(0)=eat	c:0	phage/phagy
phil	root	love, fondness	Greek	anemophilous,Anglophile,audiophile,basophil	v:1	phil(0)=love, fondness	c:0	philo/philia/phile
phobia	root	fear, dread	Greek	acrophobia,agoraphobia,arachnophobia,claustrophobia	v:1	phobia(0)=fear, dread	c:0	phobe/phobic
phon	root	sound, voice	Greek	allophone,antiphon,antiphony,cacophony	v:1	phon(0)=sound, voice	c:0	phono/phone/phony
phor	root	carry, bear	Greek	amphora,anaphora,diaphoresis,dysphoria	v:1	phor(0)=carry, bear	c:0	pher/phore
phot	root	light	Greek	euphotic,microphotograph,photochromic,photodynamics	v:1	phot(0)=light	c:0	photo
phyl	root	race, type	Greek	phylogeny,phylum	v:1	phyl(0)=race, type	c:0	
phyll	root	leaf	Greek	chlorophyll,phyllotaxis,phylloxera,sporophyll	v:1	phyll(0)=leaf	c:0	phyllo
phys	root	nature, physical	Greek	astrophysics,biophysics,geophysics,hyperphysical	v:1	phys(0)=nature, physical	c:0	physio
phyt	root	plant; plant growth	Greek	bryophyte,cryophyte,dermatophyte,epiphyte	v:1	phyt(0)=plant; plant growth	c:0	phyto/phyte
plac	root	calm; please	Latin	complacency,complacent,implacable,placable	v:1	plac(0)=calm; please	c:0	
plas	root	mold, form; growth	Greek	aplastic anemia,cataplasia,ceroplastic,chloroplast	v:1	plas(0)=mold, form; growth	c:0	plast/plasm/plasty
plic	root	fold, plait	Latin	accomplice,applicant,apply,complex	v:1	plic(0)=fold, plait	c:0	plex/ply
plu	root	more	Latin	pluperfect,plural,pluralism,pluralistic	v:1	plu(0)=more	c:0	plur
pneum	root	air, breath, wind, spirit	Greek	apnea,dyspnea,pneumatic,pneumatics	v:1	pneum(0)=air, breath, wind, spirit	c:0	pneumo/pneumon/pneumat/pnea
pod	root	foot	Greek	antipode,antipodes,arthropod,brachiopod	v:1	pod(0)=foot	c:0	pode
pol	root	city, citizen	Greek	acropolis,apolitical,cosmopolitan,impolitic	v:1	pol(0)=city, citizen	c:0	polit/polis
poly	root	many	Greek	polyandry,polyanthus,polycarpic,polycentrism	v:1	poly(0)=many	c:0	
popul	root	the people	Latin	depopulate,populace,popular,popularity	v:1	popul(0)=the people	c:0	
port	root	carry	Latin	comportment,deport,deportation,deportment	v:1	port(0)=carry	c:0	
pos	root	put, place	Latin	appose,apposite,apposition,appositive	v:1	pos(0)=put, place	c:0	pose/pon/pone/pound
poss	root	able; power	Latin	impossible,impotent,omnipotent,possible	v:1	poss(0)=able; power	c:0	pot
post	prefix	after, behind	Latin	postbellum,postdate,postdiluvian,postdoctoral	v:1	post-(0)=after, behind	c:0	
pre	prefix	before	Latin	preamble,prearrange,precaution,precede	v:1	pre-(0)=before	c:0	
prim	root	first	Latin	primal,primary,primer,primeval	v:1	prim(0)=first	c:0	princ
pris	root	take, grasp	Latin	apprehend,apprehensive,comprehend,comprehensive	v:1	pris(0)=take, grasp	c:0	prise/prehens/prehend
pro	prefix	before	Greek	amphiprostyle,proem,prognosis,prognostic	v:2	pro-2(2)=before | pro-1(1)=before, forward, forth	c:1	
prob	root	good; test, prove	Latin	approbation,approve,disapprobation,disapproval	v:1	prob(0)=good; test, prove	c:0	prov/prove
proto	root	first, original, primitive	Greek	protagonist,protein,Proterozoic,protocol	v:1	proto(0)=first, original, primitive	c:0	prot
pseud	root	false	Greek	pseudocyesis,pseudonym,pseudopodium,pseudoscience	v:1	pseud(0)=false	c:0	pseudo
psych	root	mind, soul, mental process	Greek	metempsychosis,neuropsychiatry,parapsychology,psyche	v:1	psych(0)=mind, soul, mental process	c:0	psycho
pter	root	wing, fin	Greek	apterous,apteryx,helicopter,homopterous	v:1	pter(0)=wing, fin	c:0	ptero/pteryg/pteryx
pug	root	fight	Latin	impugn,pugilist,pugnacious,repugnant	v:1	pug(0)=fight	c:0	pugn
purg	root	clean	Latin	expurgate,purgative,purgatory,purge	v:1	purg(0)=clean	c:0	
put	root	trim; count; reckon or suppose	Latin	amputate,computation,compute,computer	v:1	put(0)=trim; count; reckon or suppose	c:0	putat
pyr	root	fire, heat, fever	Greek	antipyretic,chalcopyrite,pyre,pyretic	v:1	pyr(0)=fire, heat, fever	c:0	pyro
quadr	root	four, fourth	Latin	forequarter,hindquarter,quadrangle,quadrant	v:1	quadr(0)=four, fourth	c:0	quart
quer	root	ask, seek	Latin	acquire,acquisitive,inquest,inquire	v:1	quer(0)=ask, seek	c:0	ques/quir/quis/quest
quin	root	five, fifth	Latin	quinquagenarian,Quinquagesima,quinquennial,quinquevalent	v:1	quin(0)=five, fifth	c:0	quint/quinqu
radi	root	ray, spoke	Latin	irradiate,radiant,radiate,radioactive	v:1	radi(0)=ray, spoke	c:0	
radic	root	root	Latin	eradicate,ineradicable,radical,radical sign	v:1	radic(0)=root	c:0	radix
ram	root	branch	Latin	ramification,ramiform,ramify,ramose	v:1	ram(0)=branch	c:0	rami
rap	root	seize, carry off by force	Latin	enrapt,enrapture,rapacious,rapacity	v:1	rap(0)=seize, carry off by force	c:0	
ras	root	scrape	Latin	abrade,abrasion,abrasive,erase	v:1	ras(0)=scrape	c:0	rad/raz
re	prefix	again; back or back again	Latin	irrefragable,irremissible,irrevocable,re-coil	v:1	re-(0)=again; back or back again	c:0	
reg	root	king, rule, guide; straight	Latin	correct,corrigible,direct,direction	v:1	reg(0)=king, rule, guide; straight	c:0	rect/rig
retro	prefix	back, backward, behind	Latin	retroactive,retrocede,retrofit,retroflex	v:1	retro-(0)=back, backward, behind	c:0	
rhin	root	nose	Greek	rhinal,rhinitis,rhinoceros,rhinoplasty	v:1	rhin(0)=nose	c:0	rhino
rhod	root	red	Greek	rhodium,rhododendron,rhodolite,rhodopsin	v:1	rhod(0)=red	c:0	rhodo
rid	root	laugh	Latin	deride,derisive,ridicule,ridiculous	v:1	rid(0)=laugh	c:0	ris
rig	root	stiff, rigid	Latin	rigid,rigor	v:1	rig2(2)=stiff, rigid	c:0	
rog	root	ask	Latin	arrogance,arrogant,arrogate,derogate	v:1	rog(0)=ask	c:0	rogat
rot	root	turn	Latin	rotary,rotate,rotative,rotatory	v:1	rot(0)=turn	c:0	
rrhea	root	flow, gush, discharge	Greek	amenorrhea,catarrh,diarrhea,dysmenorrhea	v:1	rrhea(0)=flow, gush, discharge	c:0	rrhoea/rrhag
rub	root	red	Latin	rubella,rubeola,rubicund,rubidium	v:1	rub(0)=red	c:0	
rupt	root	to break, burst	Latin	abrupt,bankrupt,corrupt,disrupt	v:1	rupt(0)=to break, burst	c:0	
sacr	root	holy	Latin	consecrate,desecrate,sacrament,sacred	v:1	sacr(0)=holy	c:0	sacri/secr
san	root	health	Latin	insane,insanity,sane,sanitarium	v:1	san(0)=health	c:0	
scen	root	climb	Latin	ascend,ascent,descend,descendent	v:1	scen(0)=climb	c:0	scend
sci	root	to know	Latin	conscious,omniscient,prescience,prescient	v:1	sci(0)=to know	c:0	
scler	root	hard	Greek	arteriosclerosis,atherosclerosis,multiple sclerosis,sclera	v:1	scler(0)=hard	c:0	sclero
scop	root	to view, to observe	Greek	arthroscope,bronchoscope,cryoscopy,cystoscope	v:1	scop(0)=to view, to observe	c:0	scope/scopy
scrib	root	to write	Latin	ascribe,ascription,circumscribe,conscript	v:1	scrib(0)=to write	c:0	script
se	prefix	away, aside, apart	Latin	secede,seclude,sedition,seduce	v:1	se-(0)=away, aside, apart	c:0	
sect	root	to cut	Latin	bisect,dissect,intersect,midsection	v:1	sect(0)=to cut	c:0	
sed	root	sit; settle	Latin	dissident,obsess,obsession,obsessive	v:1	sed(0)=sit; settle	c:0	sid/sess
semi	prefix	half, partly	Latin	demigod,demimonde,demisemiquaver,demitasse	v:1	semi-(0)=half, partly	c:0	demi
sen	root	old	Latin	senate,senator,senile,senior	v:1	sen(0)=old	c:0	
sens	root	to feel, to perceive	Latin	assent,consent,desensitize,dissent	v:1	sens(0)=to feel, to perceive	c:0	sent
sept	root	seven	Latin	September,septennial,septet,septillion	v:1	sept(0)=seven	c:0	
sequi	root	to follow	Latin	consecutive,consequence,consequent,persecute	v:1	sequi(0)=to follow	c:0	secut/seque
serv	root	slave	Latin	servant,service,servile	v:2	serv2(2)=slave | serv1(1)=save, keep	c:1	
sex	root	six	Latin	sexagenarian,sext,sextant,sextet	v:1	sex(0)=six	c:0	
sim	root	like, similar	Latin	assimilate,dissimulate,resemble,semblance	v:1	sim(0)=like, similar	c:0	semb
sist	root	stand	Latin	assist,consist,desist,exist	v:1	sist(0)=stand	c:0	
sol	root	alone	Latin	desolate,soliloquy,solitary,solitude	v:2	sol2(2)=alone | sol1(1)=sun	c:1	soli
solv	root	loosen	Latin	absolute,absolution,absolve,dissolution	v:1	solv(0)=loosen	c:0	solu/solut
somn	root	sleep	Latin	insomnia,somnambulate,somniloquy,somnolent	v:1	somn(0)=sleep	c:0	
son	root	sound	Latin	consonant,consonance,dissonance,dissonant	v:1	son(0)=sound	c:0	
soph	root	wise, wisdom	Greek	philosopher,philosophical,philosophy,sophism	v:1	soph(0)=wise, wisdom	c:0	sophy
spect	root	to see, look, watch	Latin	aspect,auspicious,circumspect,conspectus	v:1	spect(0)=to see, look, watch	c:0	spec/spic/spectro
spher	root	ball	Greek	atmosphere,atmospherics,bathysphere,biosphere	v:1	spher(0)=ball	c:0	sphere
spir	root	breathe	Latin	aspirate,aspiration,aspire,conspiracy	v:1	spir(0)=breathe	c:0	spiro
spor	root	sowing; seed	Greek	Diaspora,sporangium,spore,sporophyll	v:1	spor(0)=sowing; seed	c:0	sporo/spori
sta	root	stand, standing, stabilize	Latin and Greek	aerostat,aerostatics,apostasy,apostate	v:1	sta(0)=stand, standing, stabilize	c:0	stas/stat/stant/stance
stell	root	star	Latin	constellation,interstellar,stellar,stellate	v:1	stell(0)=star	c:0	
strict	root	bind, tighten	Latin	astringent,constrain,constrict,restrain	v:1	strict(0)=bind, tighten	c:0	string/strain
struct	root	build	Latin	construct,construction,destroy,destruction	v:1	struct(0)=build	c:0	
su	prefix	under, below	Latin	suspect,suspicious	v:1	su-(0)=under, below	c:0	
sub	prefix	under, after	Latin	subaqueous,subcategory,subclass,subcompact	v:1	sub-(0)=under, after	c:0	
suc	prefix	under,  below	Latin	succeed,success,succumb	v:1	suc-(0)=under,  below	c:0	
suf	prefix	under, below	Latin	suffer,suffice,suffix,suffocate	v:1	suf-(0)=under, below	c:0	
sum	prefix	under, below	Latin	summon	v:2	sum-(0)=under, below | sum(0)=highest	c:2	summ
sup	prefix	under, below	Latin	supplant,supply,support,suppress	v:1	sup-(0)=under, below	c:0	
super	prefix	above, over	Latin	insuperable,superable,superannuated,superfluous	v:1	super-(0)=above, over	c:0	supra/sur
sur	prefix	under, below	Latin	surreptitious,surrogate	v:1	sur-(0)=under, below	c:0	
surg	root	rise	Latin	insurgency,insurgent,insurrection,resurgent	v:1	surg(0)=rise	c:0	surr
sus	prefix	under,  below	Latin	susceptible,suspend,sustain	v:1	sus-(0)=under,  below	c:0	
syl	prefix	with, together with	Greek	decasyllable,disyllable,polysyllable,syllabary	v:1	syl-(0)=with, together with	c:0	
sym	prefix	with, together with	Greek	asymmetry,asymptote,symbiosis,symbol	v:1	sym-(0)=with, together with	c:0	
syn	prefix	with, together with	Greek	photosynthesis,synaesthesia,synagogue,synapse	v:1	syn-(0)=with, together with	c:0	
sys	prefix	with, together with	Greek	systaltic,systole	v:1	sys-(0)=with, together with	c:0	
tact	root	touch	Latin	contact,contiguity,contiguous,contingent	v:1	tact(0)=touch	c:0	tang/ting/tig
tax	root	arrangement, order	Greek	ataxia,geotaxis,heliotaxis,parataxis	v:1	tax(0)=arrangement, order	c:0	taxo
tele	root	distance, end	Greek	telecommunication,teleconference,telegenic,telegram	v:1	tele(0)=distance, end	c:0	tel/telo
temp	root	time	Latin	contemporary,contretemps,extemporaneous,tempest	v:1	temp1(1)=time	c:0	tempor
ten	root	to hold	Latin	abstain,abstinence,appertain,attain	v:1	ten(0)=to hold	c:0	tin/tain
tend	root	stretch	Latin	attend,attendance,attention,contend	v:1	tend(0)=stretch	c:0	tent/tens
term	root	end, boundary	Latin	coterminous,determine,exterminate,interminable	v:1	term(0)=end, boundary	c:0	
terr	root	earth, land	Latin	inter,subterranean,terra cotta,terrace	v:1	terr(0)=earth, land	c:0	terra
tetr	root	four	Greek	tetrad,tetragrammaton,tetrahedron,tetralogy	v:1	tetr(0)=four	c:0	tetra
text	root	weave	Latin	context,text,textile,texture	v:1	text(0)=weave	c:0	
the	root	god	Greek	apotheosis,atheism,atheist,henotheism	v:1	the(0)=god	c:0	theo
therm	root	heat, temperature	Greek	diathermy,endothermic,eurytherm,exothermic	v:1	therm(0)=heat, temperature	c:0	thermo
tom	root	to cut	Greek	anatomy,appendectomy,atom,colostomy	v:1	tom(0)=to cut	c:0	tome/tomy/stomy
tort	root	twist	Latin	contort,contortion,contortionist,distort	v:1	tort(0)=twist	c:0	
tra	prefix	across, over, to the other side	Latin	intransigent,intransitive,neurotransmitter,traduce	v:1	tra-(0)=across, over, to the other side	c:0	trans
tract	root	draw, pull	Latin	abstract,attract,attraction,attractive	v:1	tract(0)=draw, pull	c:0	
tri	root	three	Latin	triad,triangle,triathlon,tricentennial	v:1	tri(0)=three	c:0	
trib	root	grant; allot	Latin	attribute,attribution,attributive,contribute	v:1	trib(0)=grant; allot	c:0	
trit	root	friction, wearing away	Latin	attrition,contrite,contrition,detritus	v:1	trit(0)=friction, wearing away	c:0	
trop	root	turn, change	Greek	allotrope,allotropy,diatropism,entropy	v:1	trop(0)=turn, change	c:0	
troph	root	nourishment	Greek	atrophy,dystrophy,eutrophic,hypertrophy	v:1	troph(0)=nourishment	c:0	tropho/trophy
trud	root	push	Latin	intrude,intrusive,obtrude,obtrusive	v:1	trud(0)=push	c:0	trus
tude	suffix	state or condition of	Latin	altitude,amplitude,aptitude,beatitude	v:1	-tude(0)=state or condition of	c:0	
turb	root	confusion	Latin	disturb,disturbance,imperturbable,perturb	v:1	turb(0)=confusion	c:0	
ty	suffix	state or quality of being	Latin	abnormality,ambiguity,amity,annuity	v:1	-ty(0)=state or quality of being	c:0	ity/uity/eity
ule	suffix	small	Latin	capsule,gemmule,globule,molecule	v:1	-ule(0)=small	c:0	
ulent	suffix	characterized by, full of	Latin	corpulent,flatulent,fraudulent,turbulent	v:1	-ulent(0)=characterized by, full of	c:0	
ulous	suffix	tending to, characterized by	Latin	credulous,edentulous,incredulous,ridiculous	v:1	-ulous(0)=tending to, characterized by	c:0	
ultra	prefix	beyond, excessive	Latin	ultracritical,ultramodern,ultrasound,ultraviolet	v:1	ultra-(0)=beyond, excessive	c:0	
un	prefix	not	Old English	unable,unarmed,unaware,unbeaten	v:1	un-1(1)=not	c:0	
under	prefix	below, not enough	Old English	underachieve,underage,underbrush,undercharge	v:1	under-(0)=below, not enough	c:0	
uni	root	one	Latin	disunion,reunion,uniaxial,unicameral	v:1	uni(0)=one	c:0	
urb	root	city	Latin	conurbation,suburb,suburban,suburbia	v:1	urb(0)=city	c:0	
ure	suffix	act or process of	Latin	acupuncture,adventure,agriculture,aquaculture	v:1	-ure(0)=act or process of	c:0	
vac	root	empty	Latin	evacuate,vacancy,vacant,vacate	v:1	vac(0)=empty	c:0	
vad	root	to go	Latin	evade,evasive,invade,pervade	v:1	vad(0)=to go	c:0	vas
vag	root	wander	Latin	divagate,extravagant,vagabond,vagary	v:1	vag(0)=wander	c:0	
val	root	strength; worth	Latin	bivalent,divalent,equivalent,evaluate	v:1	val(0)=strength; worth	c:0	valu/valid
var	root	different	Latin	invariable,variant,variegated,variety	v:1	var(0)=different	c:0	
veni	root	to come	Latin	advent,avenue,contravene,convene	v:1	veni(0)=to come	c:0	vent/ven/vene
ver	root	truth	Latin	aver,inveracity,veracious,veracity	v:1	ver(0)=truth	c:0	
verb	root	word	Latin	adverb,proverb,proverbial,verb	v:1	verb(0)=word	c:0	
verd	root	green	Latin	verdant,verdigris,verdure	v:1	verd(0)=green	c:0	
vers	root	to turn; to be occupied with	Latin	adversary,adversative,adverse,adversity	v:1	vers(0)=to turn; to be occupied with	c:0	vert
vest	root	clothe; clothing	Latin	divest,invest,investment,investor	v:1	vest(0)=clothe; clothing	c:0	
via	root	way	Latin	deviation,viaduct	v:1	via(0)=way	c:0	
vic	root	in place of	Latin	vicar,vicarious,vice president,viceroy	v:1	vic(0)=in place of	c:0	
vid	root	see	Latin	envision,evidence,evident,invisible	v:1	vid(0)=see	c:0	vis/vise
vin	root	wine	Latin	vinaceous,vine,viniculture,vinifera	v:1	vin(0)=wine	c:0	vini/vint
vinc	root	conquer	Latin	convict,conviction,convince,evict	v:1	vinc(0)=conquer	c:0	vict/vanq
vir	root	man	Latin	triumvirate,virago,virile,virility	v:1	vir(0)=man	c:0	
viv	root	life, living, live	Latin	aquavit,arborvitae,avitaminosis,convivial	v:1	viv(0)=life, living, live	c:0	vivi/vit
voc	root	voice, to call	Latin	advocate,avocation,convocation,convoke	v:1	voc(0)=voice, to call	c:0	voke
void	root	empty	Latin	avoid,devoid,void	v:1	void(0)=empty	c:0	
vol	root	wish, intention, will	Latin	benevolence,benevolent,involuntary,malevolent	v:1	vol(0)=wish, intention, will	c:0	
volv	root	roll, turn	Latin	convoluted,convolution,convolve,convolvulus	v:1	volv(0)=roll, turn	c:0	volu/volut
vor	root	to eat	Latin	carnivore,carnivorous,granivorous,herbivore	v:1	vor(0)=to eat	c:0	
with	prefix	back, away	Old English	withdraw,withhold,within,without	v:1	with-(0)=back, away	c:0	
xanth	root	yellow	Greek	xanthein,xanthic,xanthine,xanthous	v:1	xanth(0)=yellow	c:0	xantho
xen	root	foreign	Greek	xenophobia	v:1	xen(0)=foreign	c:0	xeno
xer	root	dry	Greek	phylloxera,xerography,xerophilous,xerophyte	v:1	xer(0)=dry	c:0	xero/xeri
y	suffix	characterized by; full of; tending to	Old English	bony,bouncy,chancy,chewy	v:2	-y1(1)=characterized by; full of; tending to | -y2(2)=state, quality, act, or practice of	c:1	ey
zo	root	animal, life	Greek	anthozoan,Archeozoic,azoic,Cenozoic	v:1	zo(0)=animal, life	c:0	zoo
zyg	root	pair	Greek	azygous,syzygy,zygospore,zygote	v:1	zyg(0)=pair	c:0	zygo